testUserregistered, 28.04.2021-18:21:44
numetest, with the username testUser, logged in, 28.04.2021-18:22:19
testUserplaced an order, 28.04.2021-18:22:52
userTest2 registered, 28.04.2021-18:27:27
driveTest registered, 28.04.2021-18:27:47
usera registered, 28.04.2021-18:30:26
test registered, 25.05.2021-19:42:29
test registered, 25.05.2021-19:45:33
a registered, 25.05.2021-19:46:30
a registered, 25.05.2021-19:47:30
a registered, 25.05.2021-19:48:14
a registered, 25.05.2021-19:52:41
b registered, 25.05.2021-19:53:35
a registered, 25.05.2021-19:53:42
usertest registered, 25.05.2021-20:41:41
c registered, 25.05.2021-21:03:30
tt registered, 25.05.2021-21:06:29
j registered, 25.05.2021-21:09:41
testuser registered, 25.05.2021-21:32:13
Admin Name, with the username admin, logged in, 25.05.2021-21:50:47
ooo registered, 25.05.2021-21:51:12
yy registered, 25.05.2021-21:51:51
y, with the username yy, logged in, 25.05.2021-21:52:02
Admin Name, with the username admin, logged in, 25.05.2021-21:52:17
Admin Name, with the username admin, logged in, 25.05.2021-21:53:42
Admin Name, with the username admin, logged in, 25.05.2021-22:14:42
a, with the username usertest, logged in, 25.05.2021-22:20:57
j, with the username j, logged in, 25.05.2021-22:21:42
j, with the username j, logged in, 25.05.2021-22:22:15
j logged out , 25.05.2021-22:22:32
Admin Name, with the username admin, logged in, 25.05.2021-22:22:36
Admin Name, with the username admin, logged in, 25.05.2021-22:24:14
admin logged out , 25.05.2021-22:24:40
Admin Name, with the username admin, logged in, 25.05.2021-22:26:43
Admin Name, with the username admin, logged in, 25.05.2021-22:30:49
admin logged out , 25.05.2021-22:31:29
Admin Name, with the username admin, logged in, 25.05.2021-22:33:41
Admin Name, with the username admin, logged in, 25.05.2021-22:35:40
Admin Name, with the username admin, logged in, 25.05.2021-22:37:37
Admin Name, with the username admin, logged in, 25.05.2021-22:38:54
Admin Name, with the username admin, logged in, 25.05.2021-22:39:08
Admin Name, with the username admin, logged in, 25.05.2021-22:40:28
Admin Name, with the username admin, logged in, 25.05.2021-22:40:54
Admin Name, with the username admin, logged in, 25.05.2021-22:42:27
Admin Name, with the username admin, logged in, 25.05.2021-22:45:23
Admin Name, with the username admin, logged in, 25.05.2021-22:46:05
